Subgroup,Value
18 - 29 years,20.774242424242424
30 - 39 years,19.698484848484846
40 - 49 years,17.84318181818182
50 - 59 years,16.612121212121213
60 - 69 years,14.155303030303031
70 - 79 years,11.773484848484848
80 years and above,10.308403361344538
